Bundesland;Uni;Name;Funktion;Unternehmen;Alternativname;Quelle
Nordrhein-Westfalen;Hochschule Hamm-Lippstadt;Gertjan van der Ven;;Emerson Deutschland;;http://www.hshl.de/hochschulrat
Nordrhein-Westfalen;Hochschule Hamm-Lippstadt;Jörg Hegemann;stellvertretender Vorsitzender;Stadtwerke Hamm;;http://www.hshl.de/hochschulrat
Nordrhein-Westfalen;Hochschule Hamm-Lippstadt;Wilhelm Dresselhaus;;Alcatel-Lucent Deutschland AG;;http://www.hshl.de/hochschulrat
Nordrhein-Westfalen;Hochschule Hamm-Lippstadt;Robert Heggemann;;HEGGEMANN AG;;http://www.hshl.de/hochschulrat
Nordrhein-Westfalen;Hochschule Niederrhein;Herr Professor Dr. Sebastian M. Schmidt;stellvertretender Vorsitzender;Forschungszentrum Jülich GmbH;;http://www.hs-niederrhein.de/hochschule/organisation/hochschulrat/
Nordrhein-Westfalen;Hochschule Niederrhein;Frau Jutta Zülow;;Zülow AG;;http://www.hs-niederrhein.de/hochschule/organisation/hochschulrat/
Nordrhein-Westfalen;FH Westliches Ruhrgebiet;Dipl.-Ing. Gabriele Riedmann de Trinidad;Vorsitzende;Deutsche Telekom;T-Systems International GmbH;http://www.hochschule-ruhr-west.de/die-hrw/organisation/hochschulrat.html
Nordrhein-Westfalen;FH Westliches Ruhrgebiet;Burkhard Drescher;stellvertretender Vorsitzender;InnovationCity Management GmbH;;http://www.hochschule-ruhr-west.de/die-hrw/organisation/hochschulrat.html
Nordrhein-Westfalen;FH Westliches Ruhrgebiet;Burkhard Drescher;stellvertretender Vorsitzender;BDC Consulting GmbH & Co.KG;;http://www.hochschule-ruhr-west.de/die-hrw/organisation/hochschulrat.html
Nordrhein-Westfalen;Hochschule Ostwestfalen-Lippe;Ernst-Michael Hasse;;Schwering & Hasse Elektrodraht GmbH;;http://www.hs-owl.de/campus/organe-und-gremien/hochschulrat.html
Nordrhein-Westfalen;Hochschule Ostwestfalen-Lippe;Professorin Dr. Marianne Reeb;;Daimler;Daimler Society and Technology Research Group;http://www.hs-owl.de/campus/organe-und-gremien/hochschulrat.html
Nordrhein-Westfalen;Hochschule Ostwestfalen-Lippe;Dr. Ulrich Stiebel;;Stiebel Eltron;;http://www.hs-owl.de/campus/organe-und-gremien/hochschulrat.html
Nordrhein-Westfalen;RWTH Aachen (ohne Klinikum);Dr.-Ing. Bernd Bohr;stellvertretender Vorsitzender;Bosch;;http://www.rwth-aachen.de/cms/root/Die_RWTH/Profil/Organisation/~pwn/Hochschulrat/
Nordrhein-Westfalen;RWTH Aachen (ohne Klinikum);Prof. Dr. Siegfried Russwurm;;Siemens;CEO Industry Sector Siemens AG;http://www.rwth-aachen.de/cms/root/Die_RWTH/Profil/Organisation/~pwn/Hochschulrat/
Nordrhein-Westfalen;Universität Wuppertal;Josef Beutelmann;Vorsitzender;Barmenia Versicherungen;;http://www.uni-wuppertal.de/universitaet/hochschulgremien/hochschulrat/mitglieder-des-hochschulrats.html
Nordrhein-Westfalen;Universität Siegen;Arndt G. Kirchhof;Vorsitzender;KIRCHHOFF Gruppe;;https://www.uni-siegen.de/start/die_universitaet/organisation/universitaere_gremien/hochschulrat.html?lang=de
Nordrhein-Westfalen;Universität Paderborn;Hubertus Benteler;;Benteler;;http://www.uni-paderborn.de/universitaet/hochschulrat/
Nordrhein-Westfalen;Universität Paderborn;Herbert Hanselmann;;dSPACE GmbH;;http://www.uni-paderborn.de/universitaet/hochschulrat/
Nordrhein-Westfalen;Universität Bielefeld;Dirk Hindric;;Schüco International KG;;https://www.uni-bielefeld.de/Universitaet/Ueberblick/Organisation/Hochschulrat/mitglieder.html
Nordrhein-Westfalen;Universität Düsseldorf (ohne Klinikum);Patrick Schwarz-Schütte;stellvertretender Vorsitzender;Black Horse Investments GmbH;;http://www.uni-duesseldorf.de/home/universitaet/strukturen/hochschulrat.html
Nordrhein-Westfalen;Universität Düsseldorf (ohne Klinikum);Dr. Simone Bagel-Trah;;Henkel;;http://www.uni-duesseldorf.de/home/universitaet/strukturen/hochschulrat.html
Nordrhein-Westfalen;Universität zu Köln (ohne Klinikum);Dr. Richard Pott;Vorsitzender;Bayer;Bayer AG;http://www.portal.uni-koeln.de/hochschulrat.html?&L=0
Nordrhein-Westfalen;Universität zu Köln (ohne Klinikum);Dr. Barbara Bludau;;Kanzlei P+P Pöllath und Partners;;http://www.portal.uni-koeln.de/hochschulrat.html?&L=0
Nordrhein-Westfalen;Universität zu Köln (ohne Klinikum);Claudia Nemat;;Deutsche Telekom;;http://www.portal.uni-koeln.de/hochschulrat.html?&L=0
Nordrhein-Westfalen;Universität Duisburg-Essen (ohne Klinikum);Doris König;;InterRex GmbH;;https://www.uni-due.de/de/organisation/mitglieder.php
Nordrhein-Westfalen;Ruhr-Universität Bochum (ohne Klinikum);Birgit Fischer;;Verband der forschenden Pharmaunternehmen;;http://www.ruhr-uni-bochum.de/universitaet/leitung-gremien/hochschulrat/mitglieder.html
Nordrhein-Westfalen;Technische Universität Dortmund;Hans Jaeger;;Jaeger Ausbau Beteiligung GmbH & Co.;;https://www.uni-dortmund.de/uni/Uni/Hochschulleitung/Hochschulrat/
Nordrhein-Westfalen;Technische Universität Dortmund;Ulrich Reitz;;WAZ;;https://www.uni-dortmund.de/uni/Uni/Hochschulleitung/Hochschulrat/
Nordrhein-Westfalen;Technische Universität Dortmund;Reinhold Schulte;;SIGNAL IDUNA Gruppe;;https://www.uni-dortmund.de/uni/Uni/Hochschulleitung/Hochschulrat/
Nordrhein-Westfalen;Technische Universität Dortmund;Edwin Eichler;;ThyssenKrupp;;https://www.uni-dortmund.de/uni/Uni/Hochschulleitung/Hochschulrat/
Nordrhein-Westfalen;FH Bielefeld;Lothar Kriszun;stellv. Vorsitzender;CLAAS;;http://www.fh-bielefeld.de/%C3%9Cber+uns/Hochschulrat/Mitglieder.html
Nordrhein-Westfalen;FH Bielefeld;Anja-Christina Horstmann;;KG transmitter components GmbH;;http://www.fh-bielefeld.de/%C3%9Cber+uns/Hochschulrat/Mitglieder.html
Nordrhein-Westfalen;FH Bielefeld;Dr. Eduard Sailer;;Miele & Cie. KG;;http://www.fh-bielefeld.de/%C3%9Cber+uns/Hochschulrat/Mitglieder.html
Nordrhein-Westfalen;FH Dortmund;Angela Feuerstein;Vorsitzende;SMF KG, merkarion GmbH, Nicolai GmbH Dortmund;;http://www.fh-dortmund.de/de/hs/orgGrem/Hochschschulrat/Mitglieder_des_Hochschulrates.php
Nordrhein-Westfalen;FH Düsseldorf;Ina Kirchhof;Stellvertretende Vorsitzende;ERGO Versicherungsgruppe AG;;http://www.fh-duesseldorf.de/d_org/a_hsr
Nordrhein-Westfalen;FH Köln;Helmut Heinen;;Kölnische Rundschau;;https://www.fh-koeln.de/hochschule/hochschulrat_7768.php
Nordrhein-Westfalen;FH Köln;Simone Menne;;Lufthansa;;https://www.fh-koeln.de/hochschule/hochschulrat_7768.php
Nordrhein-Westfalen;FH Köln;Dieter Steinkamp;;RheinEnergie AG;;https://www.fh-koeln.de/hochschule/hochschulrat_7768.php
Nordrhein-Westfalen;FH Münster;Magdalena Münstermann;;Bernd Münstermann GmbH & Co. KG;;https://www.fh-muenster.de/hochschule/organisation/hochschulrat_mitglieder.php
Nordrhein-Westfalen;FH Südwestfalen;Peter Gasse;;Hüttenwerke Krupp Mannesmann;;http://www4.fh-swf.de/de/home/beschaeftigte/organisation_1/hochschulleitung/hochschulrat/index.php
Nordrhein-Westfalen;FH Südwestfalen;Dr. Johannes Kirchhoff;;FAUN Umwelttechnik GmbH & Co.KG;;http://www4.fh-swf.de/de/home/beschaeftigte/organisation_1/hochschulleitung/hochschulrat/index.php
Nordrhein-Westfalen;FH Südwestfalen;Horst-Werner Maier-Hunke -Vorsitzender-;;DURABLE Hunke & Jochheim GmbH & Co. KG;;http://www4.fh-swf.de/de/home/beschaeftigte/organisation_1/hochschulleitung/hochschulrat/index.php
Nordrhein-Westfalen;Fernuniversität Hagen;Manfred Scholle;;GELSENWASSER;;http://www.fernuni-hagen.de/universitaet/profil/leitung/hochschulrat.shtml
Nordrhein-Westfalen;FH Aachen;Stefanie Peters;;NEUMAN & ESSER;;http://www.fh-aachen.de/hochschule/hochschulrat/
Saarland;Universität des Saarlandes Saarbrücken in Saarbrücken;Prof. Dr.-Ing. Klaus Henning;;OSTO Systemberatung GmbH;;http://www.uni-saarland.de/info/universitaet/organisation/universitaetsrat/mitglieder.html
Saarland;Universität des Saarlandes Saarbrücken in Saarbrücken;Prof. Dr. Norbert Bannenberg;;Technischer Vorstand Dillinger Hüttenwerke AG;;http://www.uni-saarland.de/info/universitaet/organisation/universitaetsrat/mitglieder.html
Niedersachsen;Hochschule Emden/Leer (FH);Dr. Eckel;;TKMS Blohm + Voss Nordseewerke GmbH;;http://www.hs-emden-leer.de/hochschule/gremien/hochschulrat.html
Niedersachsen;Hochschule für Bildende Künste Braunschweig;Norbert Gabrysch;;wirDesign Communications AG;;http://www.hbk-bs.de/hochschule/organisation/hochschulrat/
Niedersachsen;Hochschule Osnabrück (FH);Dr. Andreas Mainka;;August Mainka GmbH & Co;;https://www.hs-osnabrueck.de/stiftungsrat.html
Niedersachsen;Hochschule Wilhelmshaven/Oldenburg/Elsfleth (FH);Prof. Dr. Gerd Buziek;;Esri Deutschland GmbH;;http://www.jade-hs.de/hochschule/hochschulgremien/hochschulrat/
Niedersachsen;Hochschule Wilhelmshaven/Oldenburg/Elsfleth (FH);Tom Nietiedt;;Nietiedt-Gruppe;;http://www.jade-hs.de/hochschule/hochschulgremien/hochschulrat/
Niedersachsen;TU Braunschweig;Prof. Dr. Heinz Jörg Fuhrmann;;Salzgitter AG;;https://www.tu-braunschweig.de/struktur/organe/hochschulrat
Niedersachsen;TU Braunschweig;Prof. Dr. Martin Winterkorn;;Volkswagen;Volkswagen AG;https://www.tu-braunschweig.de/struktur/organe/hochschulrat
Niedersachsen;TU Clausthal;Dr. Jürgen Großmann;;Georgsmarienhütte GmbH;;https://www.tu-clausthal.de/gremien/hochschulrat/
Niedersachsen;TU Clausthal;Dr. Harald Ludanek;;Scania;;https://www.tu-clausthal.de/gremien/hochschulrat/
Niedersachsen;TU Clausthal;Agnes Tistler-Kachel;;LogoSensus Management Consultants GmbH;;https://www.tu-clausthal.de/gremien/hochschulrat/
Niedersachsen;Universität Göttingen (ohne Klinikum);Dr. Wilhelm Krull;;Volkswagen-Stiftung;;https://www.uni-goettingen.de/de/11349.html
Niedersachsen;Universität Osnabrück;Hans-Wolf Sievert;;Sievert;;https://www.uni-osnabrueck.de/universitaet/die_universitaet_im_ueberblick/organe_und_gremien/hochschulrat.html
Niedersachsen;Universität Hannover;Sepp Dieter Heckmann;;Deutschen Messe AG;;http://www.uni-hannover.de/de/universitaet/organisation/gremien/hochschulrat/mitglieder/heckmann/
Niedersachsen;Universität Oldenburg;Jörg Waskönig;Vorsitzender;Waskönig;;http://www.uni-oldenburg.de/gremien/hochschulrat/
Rheinland-Pfalz;FH Bingen;Michael Heß;;BASF;BASF SE;http://www.fh-bingen.de/hochschule/gremien/hochschulrat.html
Rheinland-Pfalz;FH Worms;Dr. Robert Blackburn;;BASF;BASF SE;http://www.hs-worms.de/Hochschulrat.95.0.html
Rheinland-Pfalz;FH Worms;Dominique Döttling;;Döttling & Partner Beratungsgesellschaft mbH;;http://www.hs-worms.de/Hochschulrat.95.0.html
Rheinland-Pfalz;FH Worms;Michael Suden;;Fiege Logistik Stiftung & Co. KG;;http://www.hs-worms.de/Hochschulrat.95.0.html
Rheinland-Pfalz;Hochschule Ludwigshafen am Rhein;Marco Esser;stellvertretender Vorsitzender;Commerzbank;;http://www.hs-lu.de/hochschule/organisation/hochschulrat.html
Rheinland-Pfalz;Hochschule Trier;Theo Scholtes;Vorsitzender;Bitburger;;https://www.hochschule-trier.de/index.php?id=374
Rheinland-Pfalz;Hochschule Trier;Holger von Keutz;Stellvertr. Vorsitzender;PricewaterhouseCoopers;;https://www.hochschule-trier.de/index.php?id=374
Rheinland-Pfalz;Universität Mainz;Prof. Dr. Dr. Andreas Barner;Vorsitzender;Boehringer Ingelheim;;http://www.uni-mainz.de/organisation/35_DEU_HTML.php
Rheinland-Pfalz;Universität Mainz;Dr. Leopold von Heimendahl;;Schott Glas;;http://www.uni-mainz.de/organisation/35_DEU_HTML.php
Sachsen;Westsächsische Hochschule Zwickau;Frank Löschmann;;SisTeam Group;;https://www.fh-zwickau.de/index.php?id=10336
Sachsen;Hochschule Mittweida (University of Applied Sciences);Georg Kuka;;advanced fiber tools GmbH;;https://www.hs-mittweida.de/webs/hochschulrat/mitglieder.html
Sachsen;Hochschule Mittweida (University of Applied Sciences);Sabine Sändig;;ifw optronics GmbH;;https://www.hs-mittweida.de/webs/hochschulrat/mitglieder.html
Sachsen;TU Bergakademie Freiberg;Herr Dipl.-Ing. Mario Behrendt;;Deutsche Solar GmbH;;https://tu-freiberg.de/zuv/gremien/hochschulrat.html
Sachsen;TU Bergakademie Freiberg;Herr Prof. Karl-Ulrich Köhler;;Tata Steel Europe;;https://tu-freiberg.de/zuv/gremien/hochschulrat.html
Sachsen;TU Bergakademie Freiberg;Herr Prof. Dr. Burkhard Schwenker;;Roland Berger Strategy Consultants GmbH;;https://tu-freiberg.de/zuv/gremien/hochschulrat.html
Sachsen;Hochschule Zittau/Görlitz (FH);Herr Dr.-Ing. Roman Müller;;Bombardier Transportation;;http://www.hszg.de/hochschule/leitung/hochschulrat.html
Sachsen;TU Dresden (ohne Klinikum);Gunda Röstel;Vorsitzende;GELSENWASSER;;https://tu-dresden.de/die_tu_dresden/gremien_und_beauftragte/hochschulrat
Sachsen;TU Dresden (ohne Klinikum);Prof. Klaus Raps;Stellvertr. Vorsitzender;Bilfinger Berger;;https://tu-dresden.de/die_tu_dresden/gremien_und_beauftragte/hochschulrat
Sachsen;TU Dresden (ohne Klinikum);Prof. Dr. sc. nat. Knut Löschke;;Deutsche Bahn;Deutsche Bahn AG;https://tu-dresden.de/die_tu_dresden/gremien_und_beauftragte/hochschulrat
Sachsen;TU Dresden (ohne Klinikum);Dipl.-Ing. Jörg Thiele;;iproplan Planungsgesellschaft mbH;;https://tu-dresden.de/die_tu_dresden/gremien_und_beauftragte/hochschulrat
Sachsen;TU Dresden (ohne Klinikum);Prof. Martin Winterkorn;;Volkswagen;Volkswagen AG;https://tu-dresden.de/die_tu_dresden/gremien_und_beauftragte/hochschulrat
Sachsen;TU Chemnitz;Hans J. Naumann;;NILES-SIMMONS-HEGENSCHEIDT GmbH;;https://www.tu-chemnitz.de/verwaltung/hochschulrat/
Sachsen;TU Chemnitz;Dr.-Ing. E. h. Gunnar Grosse;;KOMSA Kommunikation Sachsen AG;;https://www.tu-chemnitz.de/verwaltung/hochschulrat/
Sachsen;TU Chemnitz;Dipl.-Kfm. Bodo Finger;;Chemnitzer Zahnradfabrik GmbH & Co. KG;;https://www.tu-chemnitz.de/verwaltung/hochschulrat/
Sachsen;Universität Leipzig (ohne Klinikum);Knut Löschke;;PC-Ware Information Technologies GmbH/AG;;http://www.zv.uni-leipzig.de/universitaet/profil/zentrale-organe/hochschulrat.html
Sachsen;Universität Leipzig (ohne Klinikum);Knut Löschke;;Comparex;;http://www.zv.uni-leipzig.de/universitaet/profil/zentrale-organe/hochschulrat.html
Schleswig-Holstein;FH Kiel;Katrin Birr;;Gebr. Friedrich GmbH & Co KG;;https://www.fh-kiel.de/index.php?id=204
Schleswig-Holstein;FH Westküste, Heide;Gunnar Liehr;Vorsitzender;Siemens;;http://www.fh-westkueste.de/startseite/gremien/hochschulrat/
Schleswig-Holstein;FH Westküste, Heide;Dr. Regina Buhr;;VDI/VDE Innovation + Technik GmbH;;http://www.fh-westkueste.de/startseite/gremien/hochschulrat/
Schleswig-Holstein;FH Lübeck;Dr. Erik Larsson;Vorsitzender;Glaxo-Smith-Kline GmbH & Co. KG;Glaxo Wellcome GmbH & Co., Bad Oldesloe;https://www.fh-luebeck.de/Inhalt/03_Hochschulangehoerige_Ch031/07_L_Ueber_die_Hochschule/04_Organisation/01_Hochschulrat/index.html
Schleswig-Holstein;FH Lübeck;Max Schön;;Max & Co Küchenhandelsgesellschaft mbH, Lübeck;;https://www.fh-luebeck.de/Inhalt/03_Hochschulangehoerige_Ch031/07_L_Ueber_die_Hochschule/04_Organisation/01_Hochschulrat/index.html
Schleswig-Holstein;Musikhochschule Lübeck;Renate Menken;;Possehl-Stiftung;;http://www.mh-luebeck.de/hochschule/gremien/hochschulrat/
Schleswig-Holstein;Universität Flensburg;Andreas Dethleffsen;;Hermann G. Dethleffsen-Familienholding;;https://www.uni-flensburg.de/portal-die-universitaet/die-institution/hochschulrat/
Sachsen-Anhalt;Hochschule Harz (FH);Dr. Franz Mnich;Vorsitzender;Microvista GmbH;;https://www.hs-harz.de/hochschule/organisation/kuratorium/
Sachsen-Anhalt;Hochschule Harz (FH);Gerhard Bürger;;Bürger AG;;https://www.hs-harz.de/hochschule/organisation/kuratorium/
Sachsen-Anhalt;Hochschule Harz (FH);Prof. Dr. Hartmut Dannenberg;;HaCon Ingenieurgesellschaft mbH;;https://www.hs-harz.de/hochschule/organisation/kuratorium/
Sachsen-Anhalt;Hochschule Harz (FH);Dr. Dieter Nirschl;;TUI;TUIfly GmbH;https://www.hs-harz.de/hochschule/organisation/kuratorium/
Sachsen-Anhalt;Otto-von-Guericke-Universität Magdeburg (ohne Klinikum);Herr Günther Troppmann;;Deutsche Kreditbank;;http://www.ovgu.de/Universit%C3%A4t/Struktur/Kuratorium-p-10185.html
Sachsen-Anhalt;Otto-von-Guericke-Universität Magdeburg (ohne Klinikum);Herr Dipl.-Ing. Helmut Gierse;;Siemens;;http://www.ovgu.de/Universit%C3%A4t/Struktur/Kuratorium-p-10185.html
Sachsen-Anhalt;Otto-von-Guericke-Universität Magdeburg (ohne Klinikum);Herr Prof. Dr.-Ing. Ulf Plöcker;;Evonik;Evonik Degussa GmbH;http://www.ovgu.de/Universit%C3%A4t/Struktur/Kuratorium-p-10185.html
Sachsen-Anhalt;Hochschule Anhalt (FH);Matthias Gabriel;;P-D group;P-D ChemiePark Bitterfeld Wolfen GmbH;http://www.hs-anhalt.de/hochschule/struktur/kuratorium.html
Sachsen-Anhalt;Hochschule Anhalt (FH);Dr. Helge Fänger;;Serumwerk Bernburg AG;;http://www.hs-anhalt.de/hochschule/struktur/kuratorium.html
Sachsen-Anhalt;Hochschule Magdeburg-Stendal (FH);Dr. Lutz Petermann;;FAM Magdeburger Förderanlagen und Baumaschinen GmbH;;https://www.hs-magdeburg.de/hochschule/leitung-und-gremien/kuratorium.html
Sachsen-Anhalt;Hochschule Magdeburg-Stendal (FH);Klemens Gutmann;;regiocom GmbH;;https://www.hs-magdeburg.de/hochschule/leitung-und-gremien/kuratorium.html
Sachsen-Anhalt;Universität Halle (ohne Klinikum);Wilfried Klose;;Abfallwirtschaft Gmb;;http://www.rektor.uni-halle.de/gremien/kuratorium/zusammensetzung/
Thüringen;Friedrich-Schiller-Universität Jena (ohne Klinikum);Jürgen Radomski;;Siemens;;https://www.uni-jena.de/Universitaetsrat.html
Thüringen;Friedrich-Schiller-Universität Jena (ohne Klinikum);Prof. Dr. Michael Kaschke;;Carl Zeiss;Carl Zeiss AG;https://www.uni-jena.de/Universitaetsrat.html
Thüringen;Ernst Abbe Fachhochschule Jena;Klaus Berka;Vorsitzender;Analytik Jena AG;;http://www.fh-jena.de/fhj/fhjena/de/fhj/hse/Gremien/hosrat/Seiten/Hochschulrat.aspx
Thüringen;Ernst Abbe Fachhochschule Jena;Dr. Ute Bergner;;VACOM Vakuum Komponenten & Messtechnik GmbH;;http://www.fh-jena.de/fhj/fhjena/de/fhj/hse/Gremien/hosrat/Seiten/Hochschulrat.aspx
Thüringen;Ernst Abbe Fachhochschule Jena;Dr. Fred Grunert;;MAZeT GmbH;;http://www.fh-jena.de/fhj/fhjena/de/fhj/hse/Gremien/hosrat/Seiten/Hochschulrat.aspx
Thüringen;Ernst Abbe Fachhochschule Jena;Peter Popp;;Carl Zeiss;Carl Zeiss Jena GmbH;http://www.fh-jena.de/fhj/fhjena/de/fhj/hse/Gremien/hosrat/Seiten/Hochschulrat.aspx
Thüringen;FH Erfurt;Herr Frank Belkner;;ERFURT Bildungszentrum GmbH;;http://www.fh-erfurt.de/fhe/fachhochschule/gremien/hochschulrat/
Thüringen;FH Erfurt;Herr Dr. Jan Kemper;;CFO Zalando GmbH;;http://www.fh-erfurt.de/fhe/fachhochschule/gremien/hochschulrat/
Thüringen;FH Nordhausen;Nadine Henkel;;EPC Technology GmbH;;http://www.fh-nordhausen.de/116.html
Thüringen;FH Schmalkalden;Siegbert Lapp;;Lapp Holding AG;;http://www.fh-schmalkalden.de/Hochschulrat.html
Thüringen;Hochschule für Musik Franz Liszt Weimar;Georg Krupp;Vorsitzender;Deutsche Bank;;https://www.hfm-weimar.de/348/
Thüringen;Hochschule für Musik Franz Liszt Weimar;Otto Michael Militzer;;MITEC Automotive AG;;https://www.hfm-weimar.de/348/
Thüringen;TU Ilmenau;Dr. Michael Mertin;;Jenoptik;;https://www.tu-ilmenau.de/gremien/hochschulrat/
Thüringen;TU Ilmenau;Dr. Edgar Most;;Deutsche Bank;;https://www.tu-ilmenau.de/gremien/hochschulrat/
Thüringen;Universität Erfurt;Wolfgang Kühnhold;;Lufthansa;Lufthansa AG;https://www.uni-erfurt.de/uni/leitung/organe/hochschulrat/
Mecklenburg-Vorpommern;Hochschule Neubrandenburg;Dipl.-Ing. Bernd Arnold;;Wilhelm Brandenburger GmbH u. Co. OHG;;https://www.hs-nb.de/start/hochschule/hsorgane/hsrat/
Mecklenburg-Vorpommern;Hochschule Neubrandenburg;Dipl.-Ing. Lutz Braun;;Architekturfabrik Neubrandenburg;;https://www.hs-nb.de/start/hochschule/hsorgane/hsrat/
Mecklenburg-Vorpommern;Hochschule Neubrandenburg;Roland Eifel;;Barmer Ersatzkasse;;https://www.hs-nb.de/start/hochschule/hsorgane/hsrat/
Mecklenburg-Vorpommern;Hochschule Neubrandenburg;Dr. rer.pol. Christine Färber;;Competence Consulting;;https://www.hs-nb.de/start/hochschule/hsorgane/hsrat/
Mecklenburg-Vorpommern;FH Wismar;Herr Dr.-Ing. Ulrich Förster;Vorsitzender;Lloyd's Register EMEA;;http://www.hs-wismar.de/was/hochschule/organisation/gremien/hochschulrat/
Mecklenburg-Vorpommern;FH Wismar;Herr David Pangerl, Master of Laws (LL.M.);;Buckstay GmbH;;http://www.hs-wismar.de/was/hochschule/organisation/gremien/hochschulrat/
Mecklenburg-Vorpommern;FH Wismar;Herr Tom Streicher, Dipl.-Ing.;;ECOVIS Grieger Mallison;;http://www.hs-wismar.de/was/hochschule/organisation/gremien/hochschulrat/
Berlin;FU Berlin;Dr. Johannes Evers;;Landesbank Berlin AG;;http://www.fu-berlin.de/einrichtungen/organe/gremien_kommissionen/kuratorium/
Berlin;Hochschule für Technik und Wirtschaft Berlin;Mathis Kuchejda;Vorsitzender;Schmidt + Haensch GmbH & Co.;;https://www.htw-berlin.de/hochschulstruktur/akademische-selbstverwaltung/kuratorium/mitglieder/
Berlin;Humboldt-Universität zu Berlin;Burkhard Ischler;;Siemens;;http://gremien.hu-berlin.de/de/kuratorium/mitglieder
Berlin;Weißensee Kunsthochschule Berlin;Dieter Puchta;;Investitionsbank Berlin;;http://www.kh-berlin.de/hochschule/struktur/hochschulrat.html
Berlin;TU Berlin;Konrad Nassauer;;Borsig GmbH;bis 2014;https://www.tu-berlin.de/fileadmin/ref23/KU/KU_Sonstiges/Mitglieder_des_KU_2014-2016.pdf
Berlin;TU Berlin;Dietrich Wörner;;Deutsches Zentrum für Luft- und Raumfahrt;bis 2014;https://www.tu-berlin.de/fileadmin/ref23/KU/KU_Sonstiges/Mitglieder_des_KU_2014-2016.pdf
Berlin;SRH Hochschule Berlin (Priv. FH);PROF. KLAUS HEKKING;Vorsitzender;SRH Holding;;http://www.srh-hochschule-berlin.de/de/unsere-hochschule/hochschulleitung/hochschulrat/
Berlin;SRH Hochschule Berlin (Priv. FH);DR. HANS-JüRGEN AHLBRECHT;;debis Immobilienmanagement;;http://www.srh-hochschule-berlin.de/de/unsere-hochschule/hochschulleitung/hochschulrat/
Berlin;SRH Hochschule Berlin (Priv. FH);BERND EULER;;Siemens;;http://www.srh-hochschule-berlin.de/de/unsere-hochschule/hochschulleitung/hochschulrat/
Berlin;SRH Hochschule Berlin (Priv. FH);DR. ARMGARD VON REDEN;;IBM;;http://www.srh-hochschule-berlin.de/de/unsere-hochschule/hochschulleitung/hochschulrat/
Berlin;SRH Hochschule Berlin (Priv. FH);DR. HERBERT RISCHE;;Deutsche Rentenversicherung Bund;;http://www.srh-hochschule-berlin.de/de/unsere-hochschule/hochschulleitung/hochschulrat/
Berlin;SRH Hochschule Berlin (Priv. FH);GRäFIN ANNETTE VON WEDEL;;Deutsche Bahn;Deutsche Bahn AG;http://www.srh-hochschule-berlin.de/de/unsere-hochschule/hochschulleitung/hochschulrat/
Berlin;Hochschule für Musik Berlin Hanns Eisler;Thomas Greiner;;DUSSMANN AG & Co. KgaA;;http://www.hfm-berlin.de/hochschule/struktur/hochschulrat/
Berlin;Hochschule für Musik Berlin Hanns Eisler;Christian Töpper;;Taxxus Media GmbH;;http://www.hfm-berlin.de/hochschule/struktur/hochschulrat/
Berlin;Beuth-Hochschule für Technik Berlin;Knauer, Alexandra;;Koenig & Bauer AG;;https://www.beuth-hochschule.de/kuratorium/
Berlin;Beuth-Hochschule für Technik Berlin;Kossack, Gabriele, Dipl.-Ing.;;Deloitte & Touche;;https://www.beuth-hochschule.de/kuratorium/
Berlin;Beuth-Hochschule für Technik Berlin;Uppenkamp, Reinhard, Dr.;;Berlin-Chemie AG;;https://www.beuth-hochschule.de/kuratorium/
Bayern;TU München (ohne Klinikum);Susanne Klatten;;BMW;;https://portal.mytum.de/tum/gremien/hochschulrat/index_html
Bayern;TU München (ohne Klinikum);Susanne Klatten;;SGL Carbon GmbH;;https://portal.mytum.de/tum/gremien/hochschulrat/index_html
Bayern;TU München (ohne Klinikum);Susanne Klatten;;Altana AG;;https://portal.mytum.de/tum/gremien/hochschulrat/index_html
Bayern;TU München (ohne Klinikum);Dr. Nicola Leibinger-Kammüller;;Trumpf;;https://portal.mytum.de/tum/gremien/hochschulrat/index_html
Bayern;TU München (ohne Klinikum);Peter Löscher (ehem. Vorstand);;Siemens;;https://portal.mytum.de/tum/gremien/hochschulrat/index_html
Bayern;TU München (ohne Klinikum);Dr.-Ing. Dr.-Ing. E.h. Norbert Reithofer;;BMW;;https://portal.mytum.de/tum/gremien/hochschulrat/index_html
Bayern;Universität Würzburg (ohne Klinikum);Claus Bolza-Schünemann;;Koenig & Bauer AG;;http://www.uni-wuerzburg.de/ueber/universitaet/universitaetsrat/
Bayern;Universität Würzburg (ohne Klinikum);Prof. Dr. Wolfgang Grewe;;Deloitte & Touche;;http://www.uni-wuerzburg.de/ueber/universitaet/universitaetsrat/
Bayern;Universität Würzburg (ohne Klinikum);Ingrid Hunger;;Walter Hunger GmbH & Co.KG;;http://www.uni-wuerzburg.de/ueber/universitaet/universitaetsrat/
Bayern;Universität Würzburg (ohne Klinikum);Dipl.-Kfm. Baldwin Knauf;;Knauf Unternehmensgruppe;;http://www.uni-wuerzburg.de/ueber/universitaet/universitaetsrat/
Bayern;Universität Würzburg (ohne Klinikum);Dipl.-Kfm. Jürgen Otto;;Brose Gruppe;;http://www.uni-wuerzburg.de/ueber/universitaet/universitaetsrat/
Bayern;Hochschule für angewandte Wissenschaften Würzburg-Schweinfurt (FHWS);Rainer Hundsdörfer;;ebm-papst;;http://www.fhws.de/hochschule/organisation/hochschulrat.html
Bayern;Hochschule für angewandte Wissenschaften Würzburg-Schweinfurt (FHWS);Dieter Landgraf;;ESN Deutsche Tischtennistechnologie GmbH;;http://www.fhws.de/hochschule/organisation/hochschulrat.html
Bayern;Hochschule für angewandte Wissenschaften Würzburg-Schweinfurt (FHWS);Angelique Renkhoff-Mücke;;WAREMA Renkhoff;;http://www.fhws.de/hochschule/organisation/hochschulrat.html
Bayern;Hochschule für angewandte Wissenschaften Würzburg-Schweinfurt (FHWS);Widmaier;;Schaeffler Gruppe;;http://www.fhws.de/hochschule/organisation/hochschulrat.html
Bayern;Hochschule Amberg-Weiden;Dipl.-Ing. Manfred Baumann;;Gerresheimer Regensburg GmbH;;https://www.oth-aw.de/hochschule/hochschulleitung/hochschulrat/
Bayern;Hochschule Amberg-Weiden;Dipl.-Kfm. Christian Engel;Vorsitzender;BHS Corrugated GmbH;;https://www.oth-aw.de/hochschule/hochschulleitung/hochschulrat/
Bayern;Hochschule Amberg-Weiden;Dr.-Ing. E.h. Dipl.-Ing. Hans G. Huber;;Huber SE;;https://www.oth-aw.de/hochschule/hochschulleitung/hochschulrat/
Bayern;Hochschule Amberg-Weiden;Prof. Dr.-Ing. Erich Voss;;Siemens;;https://www.oth-aw.de/hochschule/hochschulleitung/hochschulrat/
Bayern;FH Ansbach;Christoph Faßhauer;;OECHSLER AG;;http://www.hs-ansbach.de/hochschule/organisation/hochschulrat.html
Bayern;FH Ansbach;Manfred Geyer;;Raiffeisen Volksbank eG;;http://www.hs-ansbach.de/hochschule/organisation/hochschulrat.html
Bayern;FH Ansbach;Gabriela Gottwald;;Bayerische BauAkademie;;http://www.hs-ansbach.de/hochschule/organisation/hochschulrat.html
Bayern;FH Ansbach;Max Heller;;Möbelwerke Schüller;;http://www.hs-ansbach.de/hochschule/organisation/hochschulrat.html
Bayern;FH Ansbach;Dr. Werner Lang;;MEKRA Lang;;http://www.hs-ansbach.de/hochschule/organisation/hochschulrat.html
Bayern;FH Ansbach;Roland Moritzer;;Ansbacher Versorgungs- und Verkehrsholding GmbH;;http://www.hs-ansbach.de/hochschule/organisation/hochschulrat.html
Bayern;FH Ansbach;Udo Noack;;Bosch;;http://www.hs-ansbach.de/hochschule/organisation/hochschulrat.html
Bayern;FH Ansbach;Johann Reindl;;Electrolux Rothenburg GmbH;;http://www.hs-ansbach.de/hochschule/organisation/hochschulrat.html
Bayern;FH Ansbach;Gisela Schellenberger;;Schellenberger Bürstenfabrik GmbH;;http://www.hs-ansbach.de/hochschule/organisation/hochschulrat.html
Bayern;Hochschule Coburg;Manuel Hartung, M.A., MPA (Harvard);;TEMPUS CORPORATE GmbH;;https://www.hs-coburg.de/ueber-uns/organisation/leitungsgremien/hochschulrat.html
Bayern;Hochschule Coburg;Dipl.-Wirt.-Ing. Klaus Jürgen Heitmann;;HUK Coburg;;https://www.hs-coburg.de/ueber-uns/organisation/leitungsgremien/hochschulrat.html
Bayern;Hochschule Coburg;Dipl.-Ing. (TU) Martin Kapp;;Kapp-Niles Unternehmensgruppe;;https://www.hs-coburg.de/ueber-uns/organisation/leitungsgremien/hochschulrat.html
Bayern;Hochschule für Fernsehen und Film München;Christian Becker;;Rat Pack Filmproduktion;;http://forum.heimat.de/hff-muc/docs/Hochschulrat.pdf
Bayern;Hochschule für Fernsehen und Film München;Jan Mojto;Vorsitzender;EOS GmbH;;http://forum.heimat.de/hff-muc/docs/Hochschulrat.pdf
Bayern;Hochschule für Fernsehen und Film München;Sigrid Narjes;;Agentur ABOVE THE LINE;;http://forum.heimat.de/hff-muc/docs/Hochschulrat.pdf
Bayern;Hochschule für Fernsehen und Film München;Mariette Rissenbeck;;GERMAN FILMS;;http://forum.heimat.de/hff-muc/docs/Hochschulrat.pdf
Bayern;Hochschule für Fernsehen und Film München;Achim Rohnke;;Bavaria Film GmbH;;http://forum.heimat.de/hff-muc/docs/Hochschulrat.pdf
Bayern;Hochschule für Fernsehen und Film München;Brigitte von Welser;;Gasteig München GmbH;;http://forum.heimat.de/hff-muc/docs/Hochschulrat.pdf
Bayern;Hochschule für Fernsehen und Film München;Joseph Vilsmaier;;perathon Medien GmbH;;http://forum.heimat.de/hff-muc/docs/Hochschulrat.pdf
Bayern;Hochschule für Musik und Theater München;Prof. Dr.h.?c. Roland Berger;;Roland Berger Strategy Consultants GmbH;;http://website.musikhochschule-muenchen.de/de/index.php?option=com_content&task=view&id=54&Itemid=94
Bayern;Hochschule für Musik und Theater München;Dr. Wolf-Dieter Seiffert;;G. Henle Verlag;;http://website.musikhochschule-muenchen.de/de/index.php?option=com_content&task=view&id=54&Itemid=94
Bayern;Hochschule für Musik und Theater München;Brigitte von Welser;;Gasteig München GmbH;;http://website.musikhochschule-muenchen.de/de/index.php?option=com_content&task=view&id=54&Itemid=94
Bayern;Hochschule Kempten;Schultz, Wolfgang E.;Vorsitzender;Magnet Schultz GmbH;;http://www.hochschule-kempten.de/hochschule/organisation/hochschulorgane/hochschulrat.html
Bayern;Hochschule Kempten;Brehm, Markus;;Allgäuer Zeitungsverlag GmbH;;http://www.hochschule-kempten.de/hochschule/organisation/hochschulorgane/hochschulrat.html
Bayern;Hochschule Kempten;Fäßler, Anna-Maria, Dr.;;Hotel & Resort Sonnenalp;;http://www.hochschule-kempten.de/hochschule/organisation/hochschulorgane/hochschulrat.html
Bayern;Hochschule Kempten;Froschmayer, Andreas, Dr.;;Dachser GmbH & Co. KG;;http://www.hochschule-kempten.de/hochschule/organisation/hochschulorgane/hochschulrat.html
Bayern;Hochschule Kempten;Hauke , Michael;;Allgäuer Werkstätten GmbH;;http://www.hochschule-kempten.de/hochschule/organisation/hochschulorgane/hochschulrat.html
Bayern;Hochschule Kempten;Hesemann, Friedrich;;Liebherr-Holding;;http://www.hochschule-kempten.de/hochschule/organisation/hochschulorgane/hochschulrat.html
Bayern;Hochschule Kempten;Höhn, Michael, Dr.-Ing.;;Bosch;;http://www.hochschule-kempten.de/hochschule/organisation/hochschulorgane/hochschulrat.html
Bayern;Hochschule Kempten;Traumann, Christian;;Multivac Sepp Haggenmüller GmbH;;http://www.hochschule-kempten.de/hochschule/organisation/hochschulorgane/hochschulrat.html
Bayern;Hochschule Landshut;Dr. Karl Ambrus;;Airbus Group;EADS;https://www.haw-landshut.de/die-hochschule/organ-und-gremien/hochschulrat.html
Bayern;Hochschule Landshut;Barbara Bergmeier;;BMW;;https://www.haw-landshut.de/die-hochschule/organ-und-gremien/hochschulrat.html
Bayern;Hochschule Landshut;Prof. Dr. Jörg M. Elsenbach;;Dräxlmaier Group;;https://www.haw-landshut.de/die-hochschule/organ-und-gremien/hochschulrat.html
Bayern;Hochschule Landshut;Dr. Lothar Enders;;enders Ingenieure GmbH;;https://www.haw-landshut.de/die-hochschule/organ-und-gremien/hochschulrat.html
Bayern;Hochschule Landshut;Dr. Marlies Flieser-Hartl;;LAKUMED Landshut;;https://www.haw-landshut.de/die-hochschule/organ-und-gremien/hochschulrat.html
Bayern;Hochschule Landshut;Brigitte Zeier;;Siemens;;https://www.haw-landshut.de/die-hochschule/organ-und-gremien/hochschulrat.html
Bayern;Hochschule München;Ulrich Bach;;Joh. Winklhofer Beteiligungs GmbH & Co. KG;;http://www.hm.edu/allgemein/hochschule_muenchen/hochschulleitung/hochschulrat/index.de.html
Bayern;Hochschule München;Prof. Elmar F. Baur;;Baur & Company;;http://www.hm.edu/allgemein/hochschule_muenchen/hochschulleitung/hochschulrat/index.de.html
Bayern;Hochschule München;Dr. Thomas Berden;;Hilti;;http://www.hm.edu/allgemein/hochschule_muenchen/hochschulleitung/hochschulrat/index.de.html
Bayern;FH Rosenheim;Walter Schatt;Vorsitzender;Schattdecor AG Thansau;;http://www.fh-rosenheim.de/die-hochschule/organisation/gremien/hochschulrat/
Bayern;FH Rosenheim;Dr. Wolfgang Friedrich;;MBM Maschinenbau Mühldorf GmbH;;http://www.fh-rosenheim.de/die-hochschule/organisation/gremien/hochschulrat/
Bayern;FH Rosenheim;Prof. Dr. Thomas Sesselmann;;Dr. Johannes Heidenhain GmbH;;http://www.fh-rosenheim.de/die-hochschule/organisation/gremien/hochschulrat/
Bayern;FH Rosenheim;Katharina König;;Spinner GmbH;;http://www.fh-rosenheim.de/die-hochschule/organisation/gremien/hochschulrat/
Bayern;Hochschule Weihenstephan-Triesdorf;Claus Haberda;;Roche;;http://www.hswt.de/hochschule/organisation/hochschulrat.html
Bayern;Hochschule Weihenstephan-Triesdorf;Bernhard Hönig;;Dehner GmbH&Co.KG;;http://www.hswt.de/hochschule/organisation/hochschulrat.html
Bayern;Hochschule Weihenstephan-Triesdorf;Dr. Josef Krapf;;BayWa;BayWa AG;http://www.hswt.de/hochschule/organisation/hochschulrat.html
Bayern;FH Regensburg;Hans-Jürgen Thaus;Vorsitzender;Krones AG;;http://www.oth-regensburg.de/hochschule/organisation/gremien-und-organe/hochschulrat.html
Bayern;FH Regensburg;Thomas Hanauer;;Hanauer GmbH Co. KGaA;;http://www.oth-regensburg.de/hochschule/organisation/gremien-und-organe/hochschulrat.html
Bayern;FH Regensburg;Wolfgang Kelch;;KLEBL Baulogistik GmbH;;http://www.oth-regensburg.de/hochschule/organisation/gremien-und-organe/hochschulrat.html
Bayern;FH Regensburg;Helmut Matschi;;Continental;;http://www.oth-regensburg.de/hochschule/organisation/gremien-und-organe/hochschulrat.html
Bayern;FH Regensburg;Michael Rohde;;Maschinenfabrik Reinhausen GmbH;;http://www.oth-regensburg.de/hochschule/organisation/gremien-und-organe/hochschulrat.html
Bayern;Technische Hochschule Deggendorf;Karl Wißpeintner;Vorsitzender;Micro Epsilon;;https://www.th-deg.de/de/hochschule
Bayern;Technische Hochschule Deggendorf;Dr. Andreas Buske;;Zwiesel Kristallglas AG;;https://www.th-deg.de/de/hochschule
Bayern;Technische Hochschule Deggendorf;Dr. Jürgen Dornbach;;Deutsche Bahn;DB RegioNetz Verkehrs GmbH, DB RegioNetz Infrastruktur GmbH;https://www.th-deg.de/de/hochschule
Bayern;Technische Hochschule Deggendorf;Veronika Lindner;;Lindner Group KG;;https://www.th-deg.de/de/hochschule
Bayern;Technische Hochschule Deggendorf;Manfred Zollner;;Zollner Elektronik AG;;https://www.th-deg.de/de/hochschule
Bayern;Hochschule für angewandte Wissenschaft Ingolstadt;Dipl.-Ing. Reinhard Büchl;Vorsitzender;Büchl Entsorgungswirtschaft GmbH;;http://www.thi.de/hochschule/ueber-uns/hochschulgremien.html
Bayern;Hochschule für angewandte Wissenschaft Ingolstadt;Prof. Dr.-Ing. Sebastian Bauer;;Bauer Maschinen GmbH;;http://www.thi.de/hochschule/ueber-uns/hochschulgremien.html
Bayern;Hochschule für angewandte Wissenschaft Ingolstadt;Dipl.-Ing. Frank Dreves;;Audi;;http://www.thi.de/hochschule/ueber-uns/hochschulgremien.html
Bayern;Hochschule für angewandte Wissenschaft Ingolstadt;Dr. Gerlinde Honold;;Airbus Group;Eurocopter Deutschland GmbH;http://www.thi.de/hochschule/ueber-uns/hochschulgremien.html
Bayern;Hochschule für angewandte Wissenschaft Ingolstadt;Walter Huber;;Siemens;;http://www.thi.de/hochschule/ueber-uns/hochschulgremien.html
Bayern;Hochschule für angewandte Wissenschaft Ingolstadt;Stephanie Spinner-König;;Spinner GmbH;;http://www.thi.de/hochschule/ueber-uns/hochschulgremien.html
Bayern;Hochschule für angewandte Wissenschaft Ingolstadt;Leopold Stiefel;;Media-Saturn-Holding GmbH;;http://www.thi.de/hochschule/ueber-uns/hochschulgremien.html
Bayern;Technische Hochschule Nürnberg Georg Simon Ohm;Corinna Diederichs;;cd Personalmanagement;;http://www.th-nuernberg.de/seitenbaum/hochschule/leitung-und-organisation/gremien/hochschulrat/page.html
Bayern;Technische Hochschule Nürnberg Georg Simon Ohm;Josef Hasler;;N-ERGIE AG;;http://www.th-nuernberg.de/seitenbaum/hochschule/leitung-und-organisation/gremien/hochschulrat/page.html
Bayern;Universität Augsburg;Dr. Reinhard Janta;;SGL Carbon GmbH;;https://www.uni-augsburg.de/einrichtungen/universitaetsrat/Mitglieder/
Bayern;Universität Augsburg;Dr. Hartmut Wurster;;UPM-Kymmene Corporation;;https://www.uni-augsburg.de/einrichtungen/universitaetsrat/Mitglieder/
Bayern;Hochschule Augsburg;Michael Grandel;Vorsitzender;Dr. Grandel-Gruppe;;http://www.hs-augsburg.de/hochschule/hochschulorgane/hochschulrat/
Bayern;Hochschule Augsburg;Roland Kreitmeier;;Siemens;;http://www.hs-augsburg.de/hochschule/hochschulorgane/hochschulrat/
Bayern;Hochschule Augsburg;Paul Waning;;Lechwerke AG;;http://www.hs-augsburg.de/hochschule/hochschulorgane/hochschulrat/
Bayern;Hochschule Augsburg;Klaus Weinmann;;CANCOM SE;;http://www.hs-augsburg.de/hochschule/hochschulorgane/hochschulrat/
Bayern;Universität Bamberg;Dr. Jürgen Ederleh;;HIS GmbH;;http://www.uni-bamberg.de/universitaetsrat/
Bayern;Universität Bamberg;Dr. Wolf-Rüdiger Knocke;;Nürnberger Versicherungsgruppe;;http://www.uni-bamberg.de/universitaetsrat/
Bayern;Universität Bayreuth;Dr. Stephan Bieri;Vorsitzender;BIPP GmbH;;http://www.uni-bayreuth.de/universitaet/leitung_und_organe/hochschulrat/index.html
Bayern;Universität Bayreuth;Dr. Hans Jürgen Wernicke;;Südchemie AG;;http://www.uni-bayreuth.de/universitaet/leitung_und_organe/hochschulrat/index.html
Bayern;Universität Erlangen-Nürnberg;Prof. Dr. Hermann Requardt;;Siemens;;http://www.presse.uni-erlangen.de/infocenter/presse/pressemitteilungen/2007/nachrichten_2007/10_07/239hochschulrat.shtml
Bayern;Universität Erlangen-Nürnberg;Dr. Bernd Rödl;;Rödl & Partner;;http://www.presse.uni-erlangen.de/infocenter/presse/pressemitteilungen/2007/nachrichten_2007/10_07/239hochschulrat.shtml
Bayern;Universität Erlangen-Nürnberg;Maria-Elisabeth Schaeffler;;Schaeffler Gruppe;;http://www.presse.uni-erlangen.de/infocenter/presse/pressemitteilungen/2007/nachrichten_2007/10_07/239hochschulrat.shtml
Bayern;Universität Erlangen-Nürnberg;Prof. Dr. Klaus Wucherer;;Festo;;http://www.presse.uni-erlangen.de/infocenter/presse/pressemitteilungen/2007/nachrichten_2007/10_07/239hochschulrat.shtml
Bayern;Universität München (ohne Klinikum);Prof. Dr. h.c. Roland Berger;;Roland Berger Strategy Consultants GmbH;;https://www.uni-muenchen.de/einrichtungen/orga_lmu/gremien/hochschulrat/index.html
Bayern;Universität Passau;Dr. Dierk Ernst;Vorsitzender;Hannover Leasing GmbH;;http://regiowiki.pnp.de/index.php/Hochschulrat_der_Universit%C3%A4t_Passau
Bayern;Universität Passau;Dr. Axel Diekmann;;Neue Presse Verlags-GmbH;;http://regiowiki.pnp.de/index.php/Hochschulrat_der_Universit%C3%A4t_Passau
Bayern;Universität Passau;Dr. Manfred Schwab;;ZF Passau GmbH;;http://regiowiki.pnp.de/index.php/Hochschulrat_der_Universit%C3%A4t_Passau
Bayern;Universität Regensburg (ohne Klinikum);Ernst Baumann;Vorsitzender;Krones AG;;http://www.uni-regensburg.de/universitaet/gremien/hochschulrat/
Bayern;Universität Regensburg (ohne Klinikum);Thierry Tricot;;Schneider Electric Sachsenwerk GmbH;;http://www.uni-regensburg.de/universitaet/gremien/hochschulrat/
Hamburg;TU Hamburg-Harburg;Walter Conrads;Vorsitzender;Philips;;https://www.tuhh.de/tuhh/uni/struktur/hochschulrat.html
Hamburg;TU Hamburg-Harburg;August-Wilhelm Henningsen;;Lufthansa;Lufthansa Technik;https://www.tuhh.de/tuhh/uni/struktur/hochschulrat.html
Hamburg;TU Hamburg-Harburg;Sibylle Stauch-Eckmann;;Endo-Klinik;;https://www.tuhh.de/tuhh/uni/struktur/hochschulrat.html
Hamburg;TU Hamburg-Harburg;Michael Westhagemann;;Siemens;;https://www.tuhh.de/tuhh/uni/struktur/hochschulrat.html
Hamburg;Hochschule für Musik und Theater Hamburg;Hermann Ebel;;HANSA TREUHAND Holding AG;;http://www.hfmt-hamburg.de/hochschule/gremien/hochschulrat/
Hamburg;Hochschule für Bildende Künste Hamburg;Konstantin Kleffel;Vorsitzender;Architekturbüro Kleffel;;http://www.hfbk-hamburg.de/de/hochschule/verwaltung/hochschulrat/
Hamburg;Hochschule für Bildende Künste Hamburg;Nikolaus W. Schües;;Reederei F. Laeisz;;http://www.hfbk-hamburg.de/de/hochschule/verwaltung/hochschulrat/
Hamburg;Hochschule für Bildende Künste Hamburg;Heike Catherina Mertens;;Bayer;Schering Stiftung;http://www.hfbk-hamburg.de/de/hochschule/verwaltung/hochschulrat/
Hamburg;Hafencity Universität Hamburg;Leo Mittelholzer;Vorsitzender;Holcim AG;;https://www.hcu-hamburg.de/universitaet/aufbau-und-organisation-der-hcu/gremien/hochschulrat/
Hamburg;Hafencity Universität Hamburg;Kirsten Wagner;;Nordmetall;Nordmetall-Stiftung;https://www.hcu-hamburg.de/universitaet/aufbau-und-organisation-der-hcu/gremien/hochschulrat/
Hessen;Universität Mannheim;Dr. John Feldmann;Vorsitzender;BASF;BASF SE;http://www.uni-mannheim.de/1/universitaetsrat/mitglieder/
Hessen;Universität Mannheim;Dr. h.c. Eggert Voscherau;;BASF;BASF SE;http://www.uni-mannheim.de/1/universitaetsrat/mitglieder/
Hessen;Technische Hochschule Mittelhessen, FH (THM);Dipl.-Betriebswirtin Sabine Bender-Suhr;Vorsitzender;Bender Group;;http://www.thm.de/site/geschaeftsstelle-gremien/hochschulrat.html
Hessen;Technische Hochschule Mittelhessen, FH (THM);Dipl.-Kfm. Ulrich Schoof;;Linde + Wiemann;;http://www.thm.de/site/geschaeftsstelle-gremien/hochschulrat.html
Hessen;Universität Frankfurt a.M. (ohne Klinikum);Rolf-E. Breuer (bis 2014);;Deutsche Bank;;https://qis.server.uni-frankfurt.de/qisserver/rds?state=verpublish&status=init&vmfile=no&moduleCall=webInfo&publishConfFile=webInfoEinrichtung&publishSubDir=einrichtung&einrichtung.eid=310300&menuid=&topitem=departments&subitem=#blobs
Hessen;Universität Gießen;Dr. Wolfgang Maaß;;Gießener Anzeiger Verlags GmbH & Co KG;;http://www.uni-giessen.de/cms/org/gremien/hochschulrat
Hessen;Universität Kassel;Dr.-Ing. Günther Cramer;;SMA Solar Technology AG;;https://www.uni-kassel.de/uni/universitaet/ueber-uns/universitaetsleitung/hochschulrat.html
Hessen;Universität Kassel;Prof. Dr. Ing. Werner Neubauer;;Volkswagen;Volkswagen AG;https://www.uni-kassel.de/uni/universitaet/ueber-uns/universitaetsleitung/hochschulrat.html
Hessen;FH Frankfurt a.M.;Uwe Großmann;stellv. Vorsitzender;Siemens;;http://www.frankfurt-university.de/einrichtungen-services/gremien-beauftragte/hochschulrat/mitglieder-des-hochschulrates.html
Hessen;FH Frankfurt a.M.;Barbara David;;Commerzbank;;http://www.frankfurt-university.de/einrichtungen-services/gremien-beauftragte/hochschulrat/mitglieder-des-hochschulrates.html
Hessen;FH Frankfurt a.M.;Dr. jur. Helmut Rothenberger;;Dr. Helmut Rothenberger Holding GmbH;;http://www.frankfurt-university.de/einrichtungen-services/gremien-beauftragte/hochschulrat/mitglieder-des-hochschulrates.html
Hessen;Hochschule Bochum;Christina Philipps;;Philips;;http://www.hochschule-bochum.de/organisation/hochschulrat.html
Hessen;Hochschule Bochum;Angelika Rheinländer;;Gebr. Eickhoff Maschinenfabrik und Eisengießerei GmbH;;http://www.hochschule-bochum.de/organisation/hochschulrat.html
Hessen;Technische Hochschule Mittelhessen, FH (THM);Dipl.-Betriebswirtin Sabine Bender-Suhr;Vorsitzender;Bender Group;;http://www.thm.de/site/geschaeftsstelle-gremien/hochschulrat.html
Hessen;Technische Hochschule Mittelhessen, FH (THM);Dipl.-Kfm. Ulrich Schoof;;Linde + Wiemann;;http://www.thm.de/site/geschaeftsstelle-gremien/hochschulrat.html
Hessen;h_da - Hochschule Darmstadt (FH);Dipl.-Kfm. Albert Filbert;Vorsitzender;Bilfinger Berger;;https://www.h-da.de/hochschule/organisation/hochschulrat/
Hessen;h_da - Hochschule Darmstadt (FH);Dipl.-Volkswirt Ralf W. Dieter;;Dürr AG;;https://www.h-da.de/hochschule/organisation/hochschulrat/
Hessen;h_da - Hochschule Darmstadt (FH);Thorsten Muntermann;;koziol ideas for friends GmbH;;https://www.h-da.de/hochschule/organisation/hochschulrat/
Hessen;Hochschule für Gestaltung Offenbach;Dr. h.c. Udo Corts;Vorsitzender;DVAG Deutsche Vermögensberatung;;http://www.hfg-offenbach.de/w3.php?nodeId=2121
Hessen;Hochschule für Gestaltung Offenbach;Alfred Clouth (bis 2014);;Alfred Clouth Lackfabrik;;http://www.hfg-offenbach.de/w3.php?nodeId=2121
Hessen;Hochschule für Gestaltung Offenbach;Sylvia von Metzler;;Bankhaus Metzler seel. Sohn & Co. KGaA;;http://www.hfg-offenbach.de/w3.php?nodeId=2121
Hessen;Hochschule RheinMain (FH);Herr Dr. Tobias Sünner;;Opel;;http://www.hs-rm.de/hochschule/ueber/gremien/hochschulrat/
Hessen;TU Darmstadt;Herr Professor Dr. Bernd Reckmann;;Merck Group;;http://www.intern.tu-darmstadt.de/gremien/hochschulrat_3/
Hessen;TU Darmstadt;Herr Professor Dr. Georg Winckler;;Erste Group Bank;;http://www.intern.tu-darmstadt.de/gremien/hochschulrat_3/
Hessen;TU Darmstadt;Herr Professor Dr. Georg Winckler;;UNIQA Versicherungen AG;;http://www.intern.tu-darmstadt.de/gremien/hochschulrat_3/
Hessen;TU Darmstadt;Herr Dr. Holger Zinke;stellv. Vorsitzender;Technologieunternehmen BRAIN;;http://www.intern.tu-darmstadt.de/gremien/hochschulrat_3/
Hessen;Hochschule Mannheim (FH);Dr. Bernhard Haas;;Deere & Company;;http://www.hs-mannheim.de/organisation-und-gremien/hochschulrat.html
Hessen;Hochschule Mannheim (FH);Dr.-Ing. Gunther Kegel;;Pepperl + Fuchs GmbH;;http://www.hs-mannheim.de/organisation-und-gremien/hochschulrat.html
Hessen;Hochschule Mannheim (FH);Herr Dr. Holger Zinke;;B.R.A.I.N. AG;;http://www.hs-mannheim.de/organisation-und-gremien/hochschulrat.html
Hessen;Universität Marburg;Prof. Dr. Dr. Dr. h.c. Uwe Bicker;;Sanofi Aventis;;http://www.uni-marburg.de/administration/gremien/hr
Hessen;Universität Marburg;Dr. h. c. Dipl.-Kfm. Beate Heraeus;;Heraeus;Bertha Heraeus und Kathinka Platzhoff Stiftung;http://www.uni-marburg.de/administration/gremien/hr
Hessen;Universität Marburg;Prof. Dr. Jochen Maas;;Sanofi Aventis;;http://www.uni-marburg.de/administration/gremien/hr
Hessen;Universität Gießen;Dr. Wolfgang Maaß;;Gießener Anzeiger Verlags GmbH & Co KG;;http://www.uni-marburg.de/administration/gremien/hr
Baden-Württemberg;Universität Heidelberg (ohne Klinikum);Prof. Dr. Hanns-Peter Knaebel;;Aesculap AG;;https://www.uni-heidelberg.de/universitaetsrat/cv_voss.html
Baden-Württemberg;Universität Heidelberg (ohne Klinikum);Margret Suckale;;BASF;BASF SE;https://www.uni-heidelberg.de/universitaetsrat/cv_voss.html
Baden-Württemberg;Duale Hochschule Baden Württemberg;Prof. Edgar Bohn;Vorsitzender;BGV / Badische Versicherungen;;https://www.dhbw-karlsruhe.de/hochschulrat/
Baden-Württemberg;Duale Hochschule Baden Württemberg;Gabrielle Kellermann;;BBBank;BBBank eG;https://www.dhbw-karlsruhe.de/hochschulrat/
Baden-Württemberg;Duale Hochschule Baden Württemberg;Marcus Blümle;;E.G.O. Elektro-Gerätebau GmbH;;https://www.dhbw-karlsruhe.de/hochschulrat/
Baden-Württemberg;Duale Hochschule Baden Württemberg;Markus Scheib;;MiRO Mineraloelraffinerie Oberrhein GmbH & Co. KG;;https://www.dhbw-karlsruhe.de/hochschulrat/
Baden-Württemberg;Duale Hochschule Baden Württemberg;Christian Stäblein;;Filiadata GmbH;;https://www.dhbw-karlsruhe.de/hochschulrat/
Baden-Württemberg;Duale Hochschule Baden Württemberg;Lars Mackel;;Zettwerk Software Engineering GmbH;;https://www.dhbw-karlsruhe.de/hochschulrat/
Baden-Württemberg;Duale Hochschule Baden Württemberg;Lorenz Freudenberg;Vorsitzender;Freudenberg & Co. KG;;https://www.dhbw-karlsruhe.de/hochschulrat/
Baden-Württemberg;Duale Hochschule Baden Württemberg;Dr.-Ing. Elke Schwing;;Roche;;https://www.dhbw-karlsruhe.de/hochschulrat/
Baden-Württemberg;Duale Hochschule Baden Württemberg;Markus Ochsner;;ABB;;https://www.dhbw-karlsruhe.de/hochschulrat/
Baden-Württemberg;Duale Hochschule Baden Württemberg;Günther Siegl;;Daimler;Daimler AG;https://www.dhbw-karlsruhe.de/hochschulrat/
Baden-Württemberg;Duale Hochschule Baden Württemberg;Ralf Blasek;;IBM;;https://www.dhbw-karlsruhe.de/hochschulrat/
Baden-Württemberg;Hochschule Biberach;Dr. Nikolaus F. Rentschler;Vorsitzender;Rentschler;;"http://www.hochschule-biberach.de/web/gremien/mitglieder-hochschulrat;jsessionid=183A272D8C3AA741236C615609624334"
Baden-Württemberg;Hochschule Biberach;Dr. Dorothee Ambrosius;;Boehringer Ingelheim;;"http://www.hochschule-biberach.de/web/gremien/mitglieder-hochschulrat;jsessionid=183A272D8C3AA741236C615609624334"
Baden-Württemberg;Hochschule Biberach;Dr. Wolfram Münch;;EnBW;;"http://www.hochschule-biberach.de/web/gremien/mitglieder-hochschulrat;jsessionid=183A272D8C3AA741236C615609624334"
Baden-Württemberg;Hochschule Albstadt-Sigmaringen (FH);Udo J. Vetter;;Vetter;;http://www.hs-albsig.de/hochschule/Organisation/Seiten/Hochschulrat.aspx
Baden-Württemberg;Hochschule Albstadt-Sigmaringen (FH);Dr. Thomas Lindner;;Groz-Beckert KG;;http://www.hs-albsig.de/hochschule/Organisation/Seiten/Hochschulrat.aspx
Baden-Württemberg;Hochschule Albstadt-Sigmaringen (FH);Dr. rer. nat. Sophie Schwörer;;SchwörerHaus KG;;http://www.hs-albsig.de/hochschule/Organisation/Seiten/Hochschulrat.aspx
Baden-Württemberg;FH Aalen;Prof. Dr. Michael Kaschke;;Carl Zeiss;Carl Zeiss AG;http://www.htw-aalen.de/hochschule/gremien/hochschulrat.php
Baden-Württemberg;FH Aalen;Martin Hennerici;;Voith;Voith Industrial Service Holding GmbH;http://www.htw-aalen.de/hochschule/gremien/hochschulrat.php
Baden-Württemberg;FH Aalen;Dr. Dieter Kress;;MAPAL Präzisionswerkzeuge;;http://www.htw-aalen.de/hochschule/gremien/hochschulrat.php
Baden-Württemberg;FH Aalen;Dr. Stefan Kampmann;;Bosch;;http://www.htw-aalen.de/hochschule/gremien/hochschulrat.php
Baden-Württemberg;FH Aalen;Franziska Eichel;;LMT Leading Metalworking Technologies Group;;http://www.htw-aalen.de/hochschule/gremien/hochschulrat.php
Baden-Württemberg;Hochschule für öffentliche Verwaltung und Finanzen Ludwigsburg;Hans-Joachim Haug;;WGV Stuttgart;;https://www.hs-ludwigsburg.de/hochschule/organe-funktionen/hochschulrat.php
Baden-Württemberg;Hochschule für öffentliche Verwaltung und Finanzen Ludwigsburg;Frederic Gellert;;MWK Baden-Württemberg;;https://www.hs-ludwigsburg.de/hochschule/organe-funktionen/hochschulrat.php
Baden-Württemberg;Hochschule für Wirtschaft und Umwelt Nürtingen;Horst Keller;;Keller Lufttechnik;;http://www.hfwu.de/de/hochschule-verwaltung/zentrale-organisation/hochschulrat.html
Baden-Württemberg;Hochschule für Wirtschaft und Umwelt Nürtingen;Siegfried Knoll;;knoll.neues.gruen.gmbhn;;http://www.hfwu.de/de/hochschule-verwaltung/zentrale-organisation/hochschulrat.html
Baden-Württemberg;Hochschule für Wirtschaft und Umwelt Nürtingen;Roland Schuler;;BayWa;BayWa AG;http://www.hfwu.de/de/hochschule-verwaltung/zentrale-organisation/hochschulrat.html
Baden-Württemberg;Hochschule für Gestaltung Schwäbisch Gmünd;Prof. Uli Mayer-Johanssen;;Meta-Design AG;;http://www.hfg-gmuend.de/Gremien_und_Einrichtungen.html
Baden-Württemberg;Hochschule für Gestaltung Schwäbisch Gmünd;Jörn Petersen;;Daimler;Daimler AG;http://www.hfg-gmuend.de/Gremien_und_Einrichtungen.html
Baden-Württemberg;Hochschule für Gestaltung Schwäbisch Gmünd;Bernd Richter;;Richter Lighting Technologies;;http://www.hfg-gmuend.de/Gremien_und_Einrichtungen.html
Baden-Württemberg;Hochschule für Gestaltung Schwäbisch Gmünd;Dr. Jörg Steffen Rieger;;RUD Ketten Rieger & Dietz GmbH u. Co. KG;;http://www.hfg-gmuend.de/Gremien_und_Einrichtungen.html
Baden-Württemberg;Hochschule für Forstwirtschaft Rottenburg (FH);Gräfin Bettina Bernadotte;;Mainau GmbH;;http://www.hs-rottenburg.net/die-hochschule/gremien-organe/hochschulrat/
Baden-Württemberg;Hochschule für Forstwirtschaft Rottenburg (FH);RA Stephan Meißner;Vorsitzender;Papierzentrum Gernsbach;;http://www.hs-rottenburg.net/die-hochschule/gremien-organe/hochschulrat/
Baden-Württemberg;Hochschule für Forstwirtschaft Rottenburg (FH);Dr. Udo Hartmann;;Daimler;Daimler AG;http://www.hs-rottenburg.net/die-hochschule/gremien-organe/hochschulrat/
Baden-Württemberg;Hochschule für Forstwirtschaft Rottenburg (FH);Max Reger;;ForstBW ;;http://www.hs-rottenburg.net/die-hochschule/gremien-organe/hochschulrat/
Baden-Württemberg;Hochschule Furtwangen;Dr. Eugen Göller;Vorsitzender;Trumpf;;http://www.hs-furtwangen.de/willkommen/die-hochschule/zentrale-services/organe/hochschulrat.html
Baden-Württemberg;Hochschule Furtwangen;Silke Burger;;SBS-Feintechnik GmbH & Co. KG;;http://www.hs-furtwangen.de/willkommen/die-hochschule/zentrale-services/organe/hochschulrat.html
Baden-Württemberg;Hochschule Furtwangen;Ulrich van der Meer;;Hewlett-Packard GmbH;;http://www.hs-furtwangen.de/willkommen/die-hochschule/zentrale-services/organe/hochschulrat.html
Baden-Württemberg;Hochschule Furtwangen;Gabriele Siedle;;S. Siedle & Söhne;;http://www.hs-furtwangen.de/willkommen/die-hochschule/zentrale-services/organe/hochschulrat.html
Baden-Württemberg;Hochschule Furtwangen;Dr. Lothar Ulsamer;;Daimler;Daimler AG;http://www.hs-furtwangen.de/willkommen/die-hochschule/zentrale-services/organe/hochschulrat.html
Baden-Württemberg;Hochschule Furtwangen;Prof. Dr. Dr. Dr. h.c. Michael Ungethüm;;B. Braun Melsungen AG;;http://www.hs-furtwangen.de/willkommen/die-hochschule/zentrale-services/organe/hochschulrat.html
Baden-Württemberg;Hochschule Esslingen (FH);Klaus Freytag;Vorsitzender;Siemens;;http://www.hs-esslingen.de/de/hochschule/gremien/hochschulrat.html
Baden-Württemberg;Hochschule Esslingen (FH);Markus Heßbrüggen;;EMAG Holding GmbH;;http://www.hs-esslingen.de/de/hochschule/gremien/hochschulrat.html
Baden-Württemberg;Hochschule Esslingen (FH);Heidi Stock;;Bosch;;http://www.hs-esslingen.de/de/hochschule/gremien/hochschulrat.html
Baden-Württemberg;Hochschule Esslingen (FH);Georg Weiberg;;Daimler;Daimler AG;http://www.hs-esslingen.de/de/hochschule/gremien/hochschulrat.html
Baden-Württemberg;FH Stuttgart, H der Medien;Dr. Jürgen Rautert;Vorsitzender;WashTec AG;;https://www.hdm-stuttgart.de/hochschule/organisation/organigramm/hochschulrat
Baden-Württemberg;FH Stuttgart, H der Medien;Dr. Friedrich Wehrle;;Motor Presse Stuttgart;;https://www.hdm-stuttgart.de/hochschule/organisation/organigramm/hochschulrat
Baden-Württemberg;Universität Ulm (ohne Klinikum);Dr. Dr. h.c. Klaus Bleyer;Vorsitzender;Mahle GmbH;;http://www.uni-ulm.de/universitaet/universitaetsrat.html
Baden-Württemberg;Universität Ulm (ohne Klinikum);Eduard Schleicher;;Schwenk;;http://www.uni-ulm.de/universitaet/universitaetsrat.html
Baden-Württemberg;Universität Ulm (ohne Klinikum);Renate Pilz;;Pilz GmbH & Co. KG;;http://www.uni-ulm.de/universitaet/universitaetsrat.html
Baden-Württemberg;Universität Ulm (ohne Klinikum);Ruth Martin;;Württ. Lebensversicherung AG, Vorstandsmitglied Württ. Versicherung AG, Vorstandsmitglied Württ. Krankenversicherung AG;;http://www.uni-ulm.de/universitaet/universitaetsrat.html
Baden-Württemberg;Universität Ulm (ohne Klinikum);Dr. Ingrid Wünning Tschol;;Bosch;Robert-Bosch-Stiftung;http://www.uni-ulm.de/universitaet/universitaetsrat.html
Baden-Württemberg;Hochschule Neu-Ulm;Dr. Jörg Hanisch;Vorsitzender;Wieland-Werke;;https://www.hs-neu-ulm.de/ueber-uns/organisation/hochschulrat/
Baden-Württemberg;Hochschule Neu-Ulm;Monika Garske;;Deutsche Bank;;https://www.hs-neu-ulm.de/ueber-uns/organisation/hochschulrat/
Baden-Württemberg;Hochschule Neu-Ulm;Dipl.-Kffr. Ulrike Hudelmaier;;TFU Gründer- und Technologiezentrum der Region Ulm/Neu-Ulm;;https://www.hs-neu-ulm.de/ueber-uns/organisation/hochschulrat/
Baden-Württemberg;Hochschule Neu-Ulm;Dr. Dr. h.c. Michael Krause;;Commerzbank;;https://www.hs-neu-ulm.de/ueber-uns/organisation/hochschulrat/
Baden-Württemberg;Hochschule Neu-Ulm;Dipl.-Ing. Christiane Schossig;;Wieland-Werke;;https://www.hs-neu-ulm.de/ueber-uns/organisation/hochschulrat/
Baden-Württemberg;Universität Tübingen (ohne Klinikum);Professor Dr. Andreas Busch;;Bayer;Bayer Schering Pharma AG;http://www.uni-tuebingen.de/einrichtungen/universitaetsrat.html
Baden-Württemberg;Universität Tübingen (ohne Klinikum);Dr. Albrecht Hauff;;Georg Thieme-Verlag KG;;http://www.uni-tuebingen.de/einrichtungen/universitaetsrat.html
Baden-Württemberg;Universität Tübingen (ohne Klinikum);Bettina Würth;;Würth;Adolf Würth GmbH & Co. KG;http://www.uni-tuebingen.de/einrichtungen/universitaetsrat.html
Baden-Württemberg;Universität Stuttgart;Dr. Barbara Bludau;;Pöllath+Partners;;http://www.uni-stuttgart.de/ueberblick/organisation/organe/unirat/
Baden-Württemberg;Universität Stuttgart;Dr. Siegfried Dais;;Bosch;Robert Bosch Industrietreuhand KG;http://www.uni-stuttgart.de/ueberblick/organisation/organe/unirat/
Baden-Württemberg;Universität Stuttgart;Martina Koederitz;;IBM;;http://www.uni-stuttgart.de/ueberblick/organisation/organe/unirat/
Baden-Württemberg;Universität Stuttgart;Prof. Dr. Thomas Weber;;Daimler;Daimler AG;http://www.uni-stuttgart.de/ueberblick/organisation/organe/unirat/
Baden-Württemberg;Hochschule Heilbronn;Tilmann Distelbarth;;Heilbronner Stimme GmbH & Co. KG;;https://www.hs-heilbronn.de/174610/02_hochschulrat
Baden-Württemberg;Hochschule Heilbronn;Ralf Klenk;;b.i.g.-Gruppe;;https://www.hs-heilbronn.de/174610/02_hochschulrat
Baden-Württemberg;Hochschule Heilbronn;Karl Schäuble;;Adolf Illig GmbH & Co.;;https://www.hs-heilbronn.de/174610/02_hochschulrat
Baden-Württemberg;Hochschule Heilbronn;Ehrhard Steffen;Vorsitzender;Schwäbisch Hall;Schwäbisch Hall Kredit Service AG;https://www.hs-heilbronn.de/174610/02_hochschulrat
Baden-Württemberg;Hochschule Heilbronn;Bettina Würth;;Würth;Würth-Gruppe;https://www.hs-heilbronn.de/174610/02_hochschulrat
Baden-Württemberg;Hochschule Karlsruhe (FH);Brigitte Almaschi;stellvertr. Vorsitzende;Hewlett-Packard GmbH;;http://www.hs-karlsruhe.de/hochschule/gremien/hochschulrat.html
Baden-Württemberg;Hochschule Karlsruhe (FH);Bernd Bechtold;stellvertr. Vorsitzender;b.i.g.-Gruppe;;http://www.hs-karlsruhe.de/hochschule/gremien/hochschulrat.html
Baden-Württemberg;Hochschule Karlsruhe (FH);Hans Dietrich;;DV Bern Holding AG;;http://www.hs-karlsruhe.de/hochschule/gremien/hochschulrat.html
Baden-Württemberg;Hochschule Karlsruhe (FH);Lorenz Kohlbecker;;Bilfinger Berger;;http://www.hs-karlsruhe.de/hochschule/gremien/hochschulrat.html
Baden-Württemberg;Hochschule Karlsruhe (FH);Gerhard Oswald;;SAP;;http://www.hs-karlsruhe.de/hochschule/gremien/hochschulrat.html
Baden-Württemberg;Hochschule Karlsruhe (FH);Frithjof Punke;;Daimler;Daimler AG;http://www.hs-karlsruhe.de/hochschule/gremien/hochschulrat.html
Baden-Württemberg;Hochschule Karlsruhe (FH);Dr. Sabine Röser;;Rudolf Röser Verlag und Informationsdienste AG;;http://www.hs-karlsruhe.de/hochschule/gremien/hochschulrat.html
Baden-Württemberg;Hochschule Konstanz (HTWG);Prof. h. c. Thomas Sigi;Vorsitzender;Audi;;http://www.htwg-konstanz.de/Hochschulrat.84.0.html
Baden-Württemberg;Hochschule Konstanz (HTWG);Jaimi Cyrus;stellvertr. Vorsitzende;Hewlett-Packard GmbH;;http://www.htwg-konstanz.de/Hochschulrat.84.0.html
Baden-Württemberg;Hochschule Konstanz (HTWG);Christian Böllhoff;;Geschäftsführer Prognos AG;;http://www.htwg-konstanz.de/Hochschulrat.84.0.html
Baden-Württemberg;Hochschule Konstanz (HTWG);Dr. Andrea Leu;;Leu & Partner AG;;http://www.htwg-konstanz.de/Hochschulrat.84.0.html
Baden-Württemberg;Hochschule Offenburg;Dr. Winfried Blümel;;Progress-Werk Oberkirch AG;;http://www.hs-offenburg.de/die-hochschule/gremien/hochschulrat/
Baden-Württemberg;Hochschule Offenburg;Dr. Nicola M. Osypka;;Osypka;;http://www.hs-offenburg.de/die-hochschule/gremien/hochschulrat/
Baden-Württemberg;Hochschule Offenburg;Dr.-Ing. Stefan Scheringer;;MEIKO Maschinenbau GmbH & Co. KG;;http://www.hs-offenburg.de/die-hochschule/gremien/hochschulrat/
Baden-Württemberg;Hochschule Offenburg;Dipl.-Ing. Bruno Schnekenburger;;Parker Hannifin GmbH+Co KG;;http://www.hs-offenburg.de/die-hochschule/gremien/hochschulrat/
Baden-Württemberg;Hochschule Pforzheim;Christine Kienhöfer;;Unternehmensgruppe Felss;;https://www.hs-pforzheim.de/De-de/Hochschule/Gremien/Hochschulrat/Seiten/Hochschulrat.aspx
Baden-Württemberg;Hochschule Pforzheim;Dr. Hans-Eberhard Koch;;Witzenmann GmbH;;https://www.hs-pforzheim.de/De-de/Hochschule/Gremien/Hochschulrat/Seiten/Hochschulrat.aspx
Baden-Württemberg;Hochschule Pforzheim;Dipl.-Kaufmann Frank Straub;Vorsitzender;BLANCO Gruppe;;https://www.hs-pforzheim.de/De-de/Hochschule/Gremien/Hochschulrat/Seiten/Hochschulrat.aspx
Baden-Württemberg;Hochschule Reutlingen;Andreas Renschler;Vorsitzender;Daimler;Daimler AG;http://www.reutlingen-university.de/ueber-uns/gremien/hochschulrat.html
Baden-Württemberg;Hochschule Reutlingen;Martina Koederitz;;IBM;;http://www.reutlingen-university.de/ueber-uns/gremien/hochschulrat.html
Baden-Württemberg;Hochschule Reutlingen;Christoph Kübel;;Bosch;;http://www.reutlingen-university.de/ueber-uns/gremien/hochschulrat.html
Baden-Württemberg;Hochschule Reutlingen;Andreas Kurtz;;PANDA GmbH Reutlingen;;http://www.reutlingen-university.de/ueber-uns/gremien/hochschulrat.html
Baden-Württemberg;Hochschule Reutlingen;Karl Schmauder;;Elring Klinger AG;;http://www.reutlingen-university.de/ueber-uns/gremien/hochschulrat.html
Baden-Württemberg;Hochschule Reutlingen;Kerstin Wagner;;Deutsche Bahn;DB Mobility Logistics AG;http://www.reutlingen-university.de/ueber-uns/gremien/hochschulrat.html
Baden-Württemberg;Hochschule Ulm;Jürgen Mohilo;Vorsitzender;Daimler;Daimler Financial Services;http://www.hs-ulm.de/org/Hochschulrat/
Baden-Württemberg;Hochschule Ulm;Dr. Ulrich Hartmann;;Wieland-Werke;;http://www.hs-ulm.de/org/Hochschulrat/
Baden-Württemberg;Hochschule Ulm;Bärbel Hörger;;Mercedes-Benz AG, Bielefeld;Mercedes-Benz Vans;http://www.hs-ulm.de/org/Hochschulrat/
Baden-Württemberg;Hochschule Ulm;Dr. Martina Burgetsmeier;;eXXcellent solutions;;http://www.hs-ulm.de/org/Hochschulrat/
Baden-Württemberg;Karlsruher Institut für Technologie (KIT) - Bereich Hochschule;Dr. Andreas Kreimeyer;Stellvertr. Vorsitzender;BASF;BASF SE;http://www.kit.edu/kit/aufsichtsrat.php
Baden-Württemberg;Karlsruher Institut für Technologie (KIT) - Bereich Hochschule;Susanne Kunschert;;Pilz GmbH & Co. KG;;http://www.kit.edu/kit/aufsichtsrat.php
Baden-Württemberg;Karlsruher Institut für Technologie (KIT) - Bereich Hochschule;Stefan Quandt;;AQTON SE;;http://www.kit.edu/kit/aufsichtsrat.php
Baden-Württemberg;Karlsruher Institut für Technologie (KIT) - Bereich Hochschule;Dr. Dieter Zetsche;;Daimler;Daimler AG;http://www.kit.edu/kit/aufsichtsrat.php
Baden-Württemberg;PH Freiburg i.Br.;Anne-Kathrin Deutrich;Vorsitzende;Testo AG;;https://www.ph-freiburg.de/hochschule/organe/hochschulrat.html
Baden-Württemberg;PH Freiburg i.Br.;Dr. Anja Bauer-Harz;;Elektro-Schillinger GmbH;;https://www.ph-freiburg.de/hochschule/organe/hochschulrat.html
Baden-Württemberg;Staatl. Akademie der Bildenden Künste Stuttgart;Dr. Petra Kiedaisch;;avedition GmbH;;http://www.abk-stuttgart.de/hochschule/organisation/organe-und-gremien.html
Baden-Württemberg;Staatl. Akademie der Bildenden Künste Stuttgart;Dr. Volker Gerstenmaier;;Bankhaus Ellwanger & Geiger KG;;http://www.abk-stuttgart.de/hochschule/organisation/organe-und-gremien.html
Baden-Württemberg;Universität Freiburg i.Br. (ohne Klinikum);Prof. Burkart Knospe;Vorsitzender;Testo AG;;https://www.uni-freiburg.de/verwaltung/der-universitaetsrat
Baden-Württemberg;Universität Freiburg i.Br. (ohne Klinikum);Anne-Kathrin Deutrich;;Testo AG;;https://www.uni-freiburg.de/verwaltung/der-universitaetsrat
Baden-Württemberg;Universität Freiburg i.Br. (ohne Klinikum);Dr. Christian Fischer;;BASF;BASF SE;https://www.uni-freiburg.de/verwaltung/der-universitaetsrat
Baden-Württemberg;Universität Freiburg i.Br. (ohne Klinikum);Dr. Dieter Pauschinger;;Trumpf;;https://www.uni-freiburg.de/verwaltung/der-universitaetsrat
Baden-Württemberg;Universität Hohenheim;Dr. Wolfgang Kuhn;;Südwestbank;;https://www.uni-hohenheim.de/universitaetsrat-mitglieder
Baden-Württemberg;Universität Hohenheim;Prof. Dr. Wolfgang Plischke;;Bayer;Bayer AG;https://www.uni-hohenheim.de/universitaetsrat-mitglieder
Baden-Württemberg;Universität Konstanz;Prof. Dr. Dieter Jahn;Vorsitz;BASF;BASF SE;http://www.profil.uni-konstanz.de/die-universitaet/universitaetsrat/
Baden-Württemberg;Universität Konstanz;Ursula Schwarzenbart;Stellv. Vorsitz;Daimler;Daimler AG;http://www.profil.uni-konstanz.de/die-universitaet/universitaetsrat/
